方案,年份,平均利润/元,利润标准差/元,10%分位利润/元,CVaR10/元,最差情景利润/元,平均滞销比例
问题三方案,2024,5915095.407065384,113804.51459264188,5778298.853346324,5717831.155841062,5603548.930247939,0.13967636485729984
问题三方案,2025,5848538.508999762,112812.2041135147,5705801.8751382455,5664368.958847772,5615746.860731339,0.16398511297071358
问题三方案,2026,6041326.921957851,115430.39695330973,5880685.871488523,5836120.495141159,5731264.387826547,0.06726375635798072
问题三方案,2027,6055618.582697541,131419.399104844,5891002.568553494,5818572.231137912,5721786.580952597,0.1111412866955522
问题三方案,2028,5946562.268162279,145072.0839708414,5757816.403022445,5687434.797832821,5625363.329514594,0.15573047799566064
问题三方案,2029,6228365.3598009655,158187.42562134255,5983633.371633964,5943310.084032427,5813656.757308719,0.057797350016786854
问题三方案,2030,6340365.5033387495,146307.28974232633,6138494.516355172,6076962.187399404,6001757.322314764,0.08887841007556357
问题三方案,2024-2030合计,42375872.55202253,374246.1641570585,41931446.02464678,41726866.441248365,41362606.19517303,0.11422406430954156
